n,t_mean,t_stdev,t_Q0,t_Q1,t_Q2,t_Q3,t_Q4
2,0.0175382,0.00463951,0.014417,0.0152443,0.01614,0.0173915,0.034041
4,0.16177,0.120671,0.119996,0.122911,0.129674,0.140801,0.762838
